﻿{"cameraMode":{"drawMode":0,"name":"Shaded","section":"Shading Mode"},"sceneLighting":true,"audioPlay":false,"sceneViewState":{"showFog":true,"showMaterialUpdate":false,"showSkybox":true,"showFlares":true,"showImageEffects":true,"showParticleSystems":true},"in2DMode":false,"pivot":{"x":-0.21964645385742188,"y":-1.7135343551635743,"z":-1.5094366073608399},"rotation":{"x":-0.06398697942495346,"y":0.9330419898033142,"z":-0.28587549924850466,"w":-0.2088409662246704},"size":4.315011978149414,"orthographic":false}